{"cameraMode":{"drawMode":0,"name":"Shaded","section":"Shading Mode"},"sceneLighting":false,"audioPlay":false,"sceneViewState":{"showFog":true,"showMaterialUpdate":false,"showSkybox":false,"showFlares":true,"showImageEffects":true,"showParticleSystems":true},"in2DMode":false,"pivot":{"x":111.01437377929688,"y":358.3405456542969,"z":20.839859008789064},"rotation":{"x":-0.003309444524347782,"y":-0.012902302667498589,"z":0.00004271153375157155,"w":-0.999911904335022},"size":301.1256408691406,"orthographic":false}