{"cameraMode":{"drawMode":0,"name":"Shaded","section":"Shading Mode"},"sceneLighting":false,"audioPlay":false,"sceneViewState":{"showFog":true,"showMaterialUpdate":false,"showSkybox":false,"showFlares":true,"showImageEffects":true,"showParticleSystems":true},"in2DMode":false,"pivot":{"x":-0.027634620666503907,"y":-0.7192826271057129,"z":-0.17381489276885987},"rotation":{"x":0.05745828151702881,"y":0.8617604970932007,"z":-0.49398326873779299,"w":0.10023674368858338},"size":4.678557395935059,"orthographic":false}