{"cameraMode":{"drawMode":0,"name":"Shaded","section":"Shading Mode"},"sceneLighting":false,"audioPlay":false,"sceneViewState":{"showFog":true,"showMaterialUpdate":false,"showSkybox":false,"showFlares":true,"showImageEffects":true,"showParticleSystems":true},"in2DMode":false,"pivot":{"x":0.05266237258911133,"y":0.6368773579597473,"z":-0.436073362827301},"rotation":{"x":0.11725995689630509,"y":0.7607190012931824,"z":-0.1433948427438736,"w":0.6220991015434265},"size":3.1311838626861574,"orthographic":false}